Distance,Distance Sensor B
20,1645.857143
25,1244.52381
30,1089.619048
35,904.8095238
40,698.2380952
45,662.2380952
50,684.0952381
55,551.047619
60,485.1904762
